id	name	slug
wf-01	Diagnose without anchoring	diagnose
wf-02	Close the information gap	elicit
wf-03	Package for the receiving team	package
wf-04	Compress for an audience that was not there	compress
wf-05	Draft the standard artifact	draft
wf-06	Translate across an expertise boundary	translate
wf-07	Diff and reconcile	reconcile
wf-08	Find themes across many items	themes
wf-09	Break work into an ordered plan	plan
wf-10	Adversarial review	critique
wf-11	List a full coverage set	enumerate
wf-12	Re-tone for a different reader	retone
